"english_name","arabic_name","iso3","iso2","phone_code","capital_english","capital_arabic","area_in_kilometer_square","currency","currency_name_en","currency_name_ar","currency_symbol","tld","region","subregion","timezones__zoneName","timezones__gmtOffset","timezones__gmtOffsetName","timezones__abbreviation","timezones__tzName","translations__kr","translations__br","translations__pt","translations__nl","translations__hr","translations__fa","translations__de","translations__es","translations__fr","translations__ja","translations__it","translations__cn","translations__tr","latitude","longitude","emoji","emojiU","governorates__id","governorates__name_en","governorates__name_ar","governorates__name_ar_tashkeel","governorates__phone_numbering_plan","governorates__capital_name_ar","governorates__capital_name_en","governorates__name_ar_normalized","governorates__name_en_normalized","governorates__districts__id","governorates__districts__name_en","governorates__districts__name_ar","governorates__districts__name_ar_tashkeel","governorates__districts__name_ar_normalized","governorates__districts__name_en_normalized"
"Yemen","اليَمَن","YEM","YE","967","Sanaa","صنعاء","555000","YER","Yemeni rial","ريال يمني","﷼",".ye","Asia","Western Asia","Asia/Aden","10800","UTC+03:00","AST","Arabia Standard Time","예멘","Iêmen","Iémen","Jemen","Jemen","یمن","Jemen","Yemen","Yémen","イエメン","Yemen","也门","Yemen","15.00000000","48.00000000","🇾🇪","U+1F1FE U+1F1EA","1","Amant Al-Asmah","أمانة العاصمة","أَمانَة العاصِمَةِ","01","","","امانه العاصمه","Amant Al Asmah","1","Sana'a Alqdimah","صنعاء القديمة","صَنْعاء القَدِيمَة","صنعاء القديمه","Sanaa Alqdimah"
"","","","","","","","","","","","","","","","","","","","","","","","","","","","","","","","","","","","","","","","","","","","","","","2","Azal","آزَاْل","آزَاْل","ازال","Azal"
"","","","","","","","","","","","","","","","","","","","","","","","","","","","","","","","","","","","","","","","","","","","","","","3","Al-Safiah","الصافية","الصَّافِيَة","الصافيه","Al Safiah"
"","","","","","","","","","","","","","","","","","","","","","","","","","","","","","","","","","","","","","","","","","","","","","","4","Al-Sabe'en","السبعين","السَّبْعِين","السبعين","Al Sabeen"
"","","","","","","","","","","","","","","","","","","","","","","","","","","","","","","","","","","","","","","","","","","","","","","5","Sh'oob","شعوب","شُعُوْب","شعوب","Shoob"
"","","","","","","","","","","","","","","","","","","","","","","","","","","","","","","","","","","","","","","","","","","","","","","6","Al-Wehdah","الوحدة","الوِحْدَة","الوحده","Al Wehdah"
"","","","","","","","","","","","","","","","","","","","","","","","","","","","","","","","","","","","","","","","","","","","","","","7","Al-Tahrir","التحرير","التَّحْرِير","التحرير","Al Tahrir"
"","","","","","","","","","","","","","","","","","","","","","","","","","","","","","","","","","","","","","","","","","","","","","","8","Al-Thowarah","الثورة","الثَّوْرَة","الثوره","Al Thowarah"
"","","","","","","","","","","","","","","","","","","","","","","","","","","","","","","","","","","","","","","","","","","","","","","9","Maeen","معين","مَعَيْن","معين","Maeen"
"","","","","","","","","","","","","","","","","","","","","","","","","","","","","","","","","","","","","","","","","","","","","","","10","Bni Al-Harith","بني الحارث","بَنِيْ الحَارِث","بني الحارث","Bni Al Harith"
"","","","","","","","","","","","","","","","","","","","","","","","","","","","","","","","","","","","","","2","Sanaa","صنعاء","صَنْعاء","01","","","صنعاء","Sanaa","1","Hamdan","همدان","هَمْدَان","همدان","Hamdan"
"","","","","","","","","","","","","","","","","","","","","","","","","","","","","","","","","","","","","","","","","","","","","","","2","Arhab","أرحب","أَرْحَب","ارحب","Arhab"
"","","","","","","","","","","","","","","","","","","","","","","","","","","","","","","","","","","","","","","","","","","","","","","3","Jihanah","جحانة","جِحانْة","جحانه","Jihanah"
"","","","","","","","","","","","","","","","","","","","","","","","","","","","","","","","","","","","","","","","","","","","","","","4","Bilad AL-Roos","بلاد الروس","بِلَاد الرُّوْس","بلاد الروس","Bilad AL Roos"
"","","","","","","","","","","","","","","","","","","","","","","","","","","","","","","","","","","","","","","","","","","","","","","5","Sanhan","سنحان","سَنْحَان","سنحان","Sanhan"
"","","","","","","","","","","","","","","","","","","","","","","","","","","","","","","","","","","","","","","","","","","","","","","6","Al-Hisn","الحصن","الحِصْن","الحصن","Al Hisn"
"","","","","","","","","","","","","","","","","","","","","","","","","","","","","","","","","","","","","","","","","","","","","","","7","Sa'fan","صعفان","صَعْفان","صعفان","Safan"
"","","","","","","","","","","","","","","","","","","","","","","","","","","","","","","","","","","","","","","","","","","","","","","8","Bni Hishaish","بني حشيش","بَنِي حِشِيْش","بني حشيش","Bni Hishaish"
"","","","","","","","","","","","","","","","","","","","","","","","","","","","","","","","","","","","","","","","","","","","","","","9","Al-Tial","الطيال","الطِّيَال","الطيال","Al Tial"
"","","","","","","","","","","","","","","","","","","","","","","","","","","","","","","","","","","","","","","","","","","","","","","10","Khawlan","خولان","خَوْلَان","خولان","Khawlan"
"","","","","","","","","","","","","","","","","","","","","","","","","","","","","","","","","","","","","","","","","","","","","","","11","Bni Dhabian","بني ضبيان","بَنِيَ ضَبْيَان","بني ضبيان","Bni Dhabian"
"","","","","","","","","","","","","","","","","","","","","","","","","","","","","","","","","","","","","","","","","","","","","","","12","AL-Haimah Al-Kharijiah","الحيمة الخارجية","الحَيْمَة الخَارِجِيَّة","الحيمه الخارجيه","AL Haimah Al Kharijiah"
"","","","","","","","","","","","","","","","","","","","","","","","","","","","","","","","","","","","","","","","","","","","","","","13","Al-Haimah Al-Dakhiliah","الحيمة الداخلية","الحَيْمَة الدَّاخِلِيَّة","الحيمه الداخليه","Al Haimah Al Dakhiliah"
"","","","","","","","","","","","","","","","","","","","","","","","","","","","","","","","","","","","","","","","","","","","","","","14","Manakhah","مناخة","مَنَاخَة","مناخه","Manakhah"
"","","","","","","","","","","","","","","","","","","","","","","","","","","","","","","","","","","","","","","","","","","","","","","15","Nihm","نهم","نِهْم","نهم","Nihm"
"","","","","","","","","","","","","","","","","","","","","","","","","","","","","","","","","","","","","","","","","","","","","","","16","Bni Matar","بني مطر","بَنِي مَطَر","بني مطر","Bni Matar"
"","","","","","","","","","","","","","","","","","","","","","","","","","","","","","","","","","","","","","3","Aden","عدن","عَدَن","02","","","عدن","Aden","1","Dar Saad","دار سعد","دَار سَعْد","دار سعد","Dar Saad"
"","","","","","","","","","","","","","","","","","","","","","","","","","","","","","","","","","","","","","","","","","","","","","","2","Al-Shaikh Othman","الشيخ عثمان","الشَّيْخ عُثْمَان","الشيخ عثمان","Al Shaikh Othman"
"","","","","","","","","","","","","","","","","","","","","","","","","","","","","","","","","","","","","","","","","","","","","","","3","Al-Mansorah","المنصورة","المَنْصُورَة","المنصوره","Al Mansorah"
"","","","","","","","","","","","","","","","","","","","","","","","","","","","","","","","","","","","","","","","","","","","","","","4","Al-Boriqah","البريقة","البُرَيْقَة","البريقه","Al Boriqah"
"","","","","","","","","","","","","","","","","","","","","","","","","","","","","","","","","","","","","","","","","","","","","","","5","Al-Tawwahi","التواهي","التَّوَّاهِي","التواهي","Al Tawwahi"
"","","","","","","","","","","","","","","","","","","","","","","","","","","","","","","","","","","","","","","","","","","","","","","6","Khoor Maksar","خور مكسر","خُوْر مَكَسَر","خور مكسر","Khoor Maksar"
"","","","","","","","","","","","","","","","","","","","","","","","","","","","","","","","","","","","","","","","","","","","","","","7","Seerh","صيرة","صِيْرَة","صيره","Seerh"
"","","","","","","","","","","","","","","","","","","","","","","","","","","","","","","","","","","","","","","","","","","","","","","8","Al-Mo'alla","المعلا","المُعَلَّا","المعلا","Al Moalla"
"","","","","","","","","","","","","","","","","","","","","","","","","","","","","","","","","","","","","","4","Al-Hodeidah","الحديدة","الحُدَيْدَة","03","مدينة الحديدة","Al-Hodeidah City","الحديده","Al Hodeidah","1","Bait Al-Fakih","بيت الفقية","بَيْت الفَقِيْة","بيت الفقيه","Bait Al Fakih"
"","","","","","","","","","","","","","","","","","","","","","","","","","","","","","","","","","","","","","","","","","","","","","","2","Al-Tohaita","التحيتا","التُّحَيْتَا","التحيتا","Al Tohaita"
"","","","","","","","","","","","","","","","","","","","","","","","","","","","","","","","","","","","","","","","","","","","","","","3","Kamaran","كمران","كَمَرَان","كمران","Kamaran"
"","","","","","","","","","","","","","","","","","","","","","","","","","","","","","","","","","","","","","","","","","","","","","","4","Al-Khookhah","الخوخة","الخُوْخُة","الخوخه","Al Khookhah"
"","","","","","","","","","","","","","","","","","","","","","","","","","","","","","","","","","","","","","","","","","","","","","","5","Al-Doraihmi","الدريهمي","الدُرَيْهِمِي","الدريهمي","Al Doraihmi"
"","","","","","","","","","","","","","","","","","","","","","","","","","","","","","","","","","","","","","","","","","","","","","","6","Al-Luhayyah","اللحية","اللُّحَيَّة","اللحيه","Al Luhayyah"
"","","","","","","","","","","","","","","","","","","","","","","","","","","","","","","","","","","","","","","","","","","","","","","7","Zabeed","زبيد","زَبِيْد","زبيد","Zabeed"
"","","","","","","","","","","","","","","","","","","","","","","","","","","","","","","","","","","","","","","","","","","","","","","8","Jabal Raas","جبل راس","جَبَل رَاس","جبل راس","Jabal Raas"
"","","","","","","","","","","","","","","","","","","","","","","","","","","","","","","","","","","","","","","","","","","","","","","9","Al-Marawiah","المراوعة","المَرَاوِعَة","المراوعه","Al Marawiah"
"","","","","","","","","","","","","","","","","","","","","","","","","","","","","","","","","","","","","","","","","","","","","","","10","Al-Jarrahi","الجراحي","الجَّرَّاحِي","الجراحي","Al Jarrahi"
"","","","","","","","","","","","","","","","","","","","","","","","","","","","","","","","","","","","","","","","","","","","","","","11","Al-Zuhrah","الزهرة","الزُّهْرَة","الزهره","Al Zuhrah"
"","","","","","","","","","","","","","","","","","","","","","","","","","","","","","","","","","","","","","","","","","","","","","","12","Al-Mighlaf","المغلاف","المِغْلَاف","المغلاف","Al Mighlaf"
"","","","","","","","","","","","","","","","","","","","","","","","","","","","","","","","","","","","","","","","","","","","","","","13","Al-Mansoriah","المنصورية","المَنْصُورِيَّة","المنصوريه","Al Mansoriah"
"","","","","","","","","","","","","","","","","","","","","","","","","","","","","","","","","","","","","","","","","","","","","","","14","Al-Zaydiyah","الزيدية","الزَّيْدِيَة","الزيديه","Al Zaydiyah"
"","","","","","","","","","","","","","","","","","","","","","","","","","","","","","","","","","","","","","","","","","","","","","","15","Al-Hali","الحالي","الحَالِي","الحالي","Al Hali"
"","","","","","","","","","","","","","","","","","","","","","","","","","","","","","","","","","","","","","","","","","","","","","","16","Al-Hojailah","الحجيلة","الحُجَّيْلَة","الحجيله","Al Hojailah"
"","","","","","","","","","","","","","","","","","","","","","","","","","","","","","","","","","","","","","","","","","","","","","","17","Al-Sokhnah","السخنة","السُّخْنَة","السخنه","Al Sokhnah"
"","","","","","","","","","","","","","","","","","","","","","","","","","","","","","","","","","","","","","","","","","","","","","","18","Al-Munirah","المنيرة","المُنِيْرَة","المنيره","Al Munirah"
"","","","","","","","","","","","","","","","","","","","","","","","","","","","","","","","","","","","","","","","","","","","","","","19","Al-Hook","الحوك","الحَوَك","الحوك","Al Hook"
"","","","","","","","","","","","","","","","","","","","","","","","","","","","","","","","","","","","","","","","","","","","","","","20","Al-Saleef","الصليف","الصَّلِيْف","الصليف","Al Saleef"
"","","","","","","","","","","","","","","","","","","","","","","","","","","","","","","","","","","","","","","","","","","","","","","21","Al-Mena","الميناء","المِيْنَاء","الميناء","Al Mena"
"","","","","","","","","","","","","","","","","","","","","","","","","","","","","","","","","","","","","","","","","","","","","","","22","Bajil","باجل","بَاجِل","باجل","Bajil"
"","","","","","","","","","","","","","","","","","","","","","","","","","","","","","","","","","","","","","","","","","","","","","","23","Al-Dhahi","الضحي","الضَّحِي","الضحي","Al Dhahi"
"","","","","","","","","","","","","","","","","","","","","","","","","","","","","","","","","","","","","","","","","","","","","","","24","Hais","حيس","حَيْس","حيس","Hais"
"","","","","","","","","","","","","","","","","","","","","","","","","","","","","","","","","","","","","","","","","","","","","","","25","Al-Qnawis","القناوص","القَنَاوِص","القناوص","Al Qnawis"
"","","","","","","","","","","","","","","","","","","","","","","","","","","","","","","","","","","","","","","","","","","","","","","26","Bora","برع","بُرَع","برع","Bora"
"","","","","","","","","","","","","","","","","","","","","","","","","","","","","","","","","","","","","","5","Thamar","ذمار","ذَمَار","06","مدينة ذمار","Thamar City","ذمار","Thamar","1","Jhran","جهران","جَهْرَان","جهران","Jhran"
"","","","","","","","","","","","","","","","","","","","","","","","","","","","","","","","","","","","","","","","","","","","","","","2","Otmah","عتمة","عُتْمَة","عتمه","Otmah"
"","","","","","","","","","","","","","","","","","","","","","","","","","","","","","","","","","","","","","","","","","","","","","","3","Mayfa’at Ans","ميفعة عنس","مَيْفَعَة عَنْس","ميفعه عنس","Mayfa’at Ans"
"","","","","","","","","","","","","","","","","","","","","","","","","","","","","","","","","","","","","","","","","","","","","","","4","Al-Hada","الحداء","الحَدَاء","الحداء","Al Hada"
"","","","","","","","","","","","","","","","","","","","","","","","","","","","","","","","","","","","","","","","","","","","","","","5","Ans","عنس","عَنْس","عنس","Ans"
"","","","","","","","","","","","","","","","","","","","","","","","","","","","","","","","","","","","","","","","","","","","","","","6","Wosab Al-Safil","وصاب السافل","وِصَاب السَّافِل","وصاب السافل","Wosab Al Safil"
"","","","","","","","","","","","","","","","","","","","","","","","","","","","","","","","","","","","","","","","","","","","","","","7","Wosab Al-Aali","وصاب العالي","وِصَاب العَالِي","وصاب العالي","Wosab Al Aali"
"","","","","","","","","","","","","","","","","","","","","","","","","","","","","","","","","","","","","","","","","","","","","","","8","Jabal Al-Sharq","جبل الشرق","جَبَل الشَّرْق","جبل الشرق","Jabal Al Sharq"
"","","","","","","","","","","","","","","","","","","","","","","","","","","","","","","","","","","","","","","","","","","","","","","9","Al-Manar","المنار","المَنَار","المنار","Al Manar"
"","","","","","","","","","","","","","","","","","","","","","","","","","","","","","","","","","","","","","","","","","","","","","","10","Maghrib Ans","مغرب عنس","مَغْرِب عَنْس","مغرب عنس","Maghrib Ans"
"","","","","","","","","","","","","","","","","","","","","","","","","","","","","","","","","","","","","","","","","","","","","","","11","Dhoran Aanis","ضوران آنس","ضُوْرَان آنِس","ضوران انس","Dhoran Aanis"
"","","","","","","","","","","","","","","","","","","","","","","","","","","","","","","","","","","","","","","","","","","","","","","12","Thamar City","مدينة ذمار","مَدِيْنَة ذَمَار","مدينه ذمار","Thamar City"
"","","","","","","","","","","","","","","","","","","","","","","","","","","","","","","","","","","","","","6","Amran","عمران","عَمْران","07","مدينة عمران","Amran City","عمران","Amran","1","Harf Sofian","حرف سفيان","حَرْف سُفْيَان","حرف سفيان","Harf Sofian"
"","","","","","","","","","","","","","","","","","","","","","","","","","","","","","","","","","","","","","","","","","","","","","","2","Hooth","حوث","حُوْث","حوث","Hooth"
"","","","","","","","","","","","","","","","","","","","","","","","","","","","","","","","","","","","","","","","","","","","","","","3","Al-Ashah","العشة","العَشِّة","العشه","Al Ashah"
"","","","","","","","","","","","","","","","","","","","","","","","","","","","","","","","","","","","","","","","","","","","","","","4","Qiflt Ethar","قفلة عذر","قِفْلَة عِذَر","قفله عذر","Qiflt Ethar"
"","","","","","","","","","","","","","","","","","","","","","","","","","","","","","","","","","","","","","","","","","","","","","","5","Shaharah","شهارة","شَهَارَة","شهاره","Shaharah"
"","","","","","","","","","","","","","","","","","","","","","","","","","","","","","","","","","","","","","","","","","","","","","","6","Al-Madan","المدان","المَدَان","المدان","Al Madan"
"","","","","","","","","","","","","","","","","","","","","","","","","","","","","","","","","","","","","","","","","","","","","","","7","Sowair","صوير","صُوَيْر","صوير","Sowair"
"","","","","","","","","","","","","","","","","","","","","","","","","","","","","","","","","","","","","","","","","","","","","","","8","Dholaimah Haboor","ظليمة حبور","ظُلَيْمَة حَبُوْر","ظليمه حبور","Dholaimah Haboor"
"","","","","","","","","","","","","","","","","","","","","","","","","","","","","","","","","","","","","","","","","","","","","","","9","Al-Sawdah","السودة","السَّوْدَة","السوده","Al Sawdah"
"","","","","","","","","","","","","","","","","","","","","","","","","","","","","","","","","","","","","","","","","","","","","","","10","Khamer","خمر","خَمِر","خمر","Khamer"
"","","","","","","","","","","","","","","","","","","","","","","","","","","","","","","","","","","","","","","","","","","","","","","11","Thibain","ذيبين","ذِيْبَيْن","ذيبين","Thibain"
"","","","","","","","","","","","","","","","","","","","","","","","","","","","","","","","","","","","","","","","","","","","","","","12","Kharif","خارف","خَارِف","خارف","Kharif"
"","","","","","","","","","","","","","","","","","","","","","","","","","","","","","","","","","","","","","","","","","","","","","","13","Raidah","ريدة","رَيْدَة","ريده","Raidah"
"","","","","","","","","","","","","","","","","","","","","","","","","","","","","","","","","","","","","","","","","","","","","","","14","Eyal Yazeed Mountain","جبل عيال يزيد","جَبَل عِيَال يَزِيْد","جبل عيال يزيد","Eyal Yazeed Mountain"
"","","","","","","","","","","","","","","","","","","","","","","","","","","","","","","","","","","","","","","","","","","","","","","15","Al-Sawd","السود","السَّوْد","السود","Al Sawd"
"","","","","","","","","","","","","","","","","","","","","","","","","","","","","","","","","","","","","","","","","","","","","","","16","Amran","عمران","عَمْرَان","عمران","Amran"
"","","","","","","","","","","","","","","","","","","","","","","","","","","","","","","","","","","","","","","","","","","","","","","17","Maswar","مسور","مَسْوَر","مسور","Maswar"
"","","","","","","","","","","","","","","","","","","","","","","","","","","","","","","","","","","","","","","","","","","","","","","18","Thula","ثلا","ثُلَا","ثلا","Thula"
"","","","","","","","","","","","","","","","","","","","","","","","","","","","","","","","","","","","","","","","","","","","","","","19","Eial Sraih","عيال سريح","عِيْال سُرَيْح","عيال سريح","Eial Sraih"
"","","","","","","","","","","","","","","","","","","","","","","","","","","","","","","","","","","","","","","","","","","","","","","20","Bni Soraim","بني صريم","بَنِي صُرَيْم","بني صريم","Bni Soraim"
"","","","","","","","","","","","","","","","","","","","","","","","","","","","","","","","","","","","","","7","Hajjah","حجة","حَجَّة","07","مدينة حجة","Hajjah City","حجه","Hajjah","1","Bakel Al-Meer","بكيل المير","بَكِيْل المِيْر","بكيل المير","Bakel Al Meer"
"","","","","","","","","","","","","","","","","","","","","","","","","","","","","","","","","","","","","","","","","","","","","","","2","Bni Al-Awam","بني العوام","بَنِي العَوّام","بني العوام","Bni Al Awam"
"","","","","","","","","","","","","","","","","","","","","","","","","","","","","","","","","","","","","","","","","","","","","","","3","Aflah Al-Sham","أفلح الشام","أَفْلَح الشَّام","افلح الشام","Aflah Al Sham"
"","","","","","","","","","","","","","","","","","","","","","","","","","","","","","","","","","","","","","","","","","","","","","","4","Aflah Al-Yemen","أفلح اليمن","أَفْلَح اليَمَن","افلح اليمن","Aflah Al Yemen"
"","","","","","","","","","","","","","","","","","","","","","","","","","","","","","","","","","","","","","","","","","","","","","","5","Bni Qais Al-Tawr","بني قيس الطور","بَنِي قَيْس الطَُوْر","بني قيس الطور","Bni Qais Al Tawr"
"","","","","","","","","","","","","","","","","","","","","","","","","","","","","","","","","","","","","","","","","","","","","","","6","Kohlan Al-Sharaf","كحلان الشرف","كُحْلَان الشَّرَف","كحلان الشرف","Kohlan Al Sharaf"
"","","","","","","","","","","","","","","","","","","","","","","","","","","","","","","","","","","","","","","","","","","","","","","7","Qohlan Affar","كحلان عفار","كُحْلَان عَفَّار","كحلان عفار","Qohlan Affar"
"","","","","","","","","","","","","","","","","","","","","","","","","","","","","","","","","","","","","","","","","","","","","","","8","Khiran Al-Mahrraq","خيران المحرق","خَيْرَان المُحَرَّق","خيران المحرق","Khiran Al Mahrraq"
"","","","","","","","","","","","","","","","","","","","","","","","","","","","","","","","","","","","","","","","","","","","","","","9","Hajjah","حجة","حَجَّة","حجه","Hajjah"
"","","","","","","","","","","","","","","","","","","","","","","","","","","","","","","","","","","","","","","","","","","","","","","10","Hajjah City","مدينة حجة","مَدِيْنَة حَجَّة","مدينه حجه","Hajjah City"
"","","","","","","","","","","","","","","","","","","","","","","","","","","","","","","","","","","","","","","","","","","","","","","11","Qufl Shamar","قفل شمر","قُفْل شَمَر","قفل شمر","Qufl Shamar"
"","","","","","","","","","","","","","","","","","","","","","","","","","","","","","","","","","","","","","","","","","","","","","","12","Qarah","قارة","قَارَة","قاره","Qarah"
"","","","","","","","","","","","","","","","","","","","","","","","","","","","","","","","","","","","","","","","","","","","","","","13","Aslm","أسلم","أَسْلَم","اسلم","Aslm"
"","","","","","","","","","","","","","","","","","","","","","","","","","","","","","","","","","","","","","","","","","","","","","","14","Al-Jamimah","الجميمة","الجَمِيْمَة","الجميمه","Al Jamimah"
"","","","","","","","","","","","","","","","","","","","","","","","","","","","","","","","","","","","","","","","","","","","","","","15","Wishhah","وشحة","وِشْحَة","وشحه","Wishhah"
"","","","","","","","","","","","","","","","","","","","","","","","","","","","","","","","","","","","","","","","","","","","","","","16","Al-Shaghadrah","الشغادرة","الشَّغَادِرَة","الشغادره","Al Shaghadrah"
"","","","","","","","","","","","","","","","","","","","","","","","","","","","","","","","","","","","","","","","","","","","","","","17","Al-Mahabishah","المحابشة","المَحَابِشَة","المحابشه","Al Mahabishah"
"","","","","","","","","","","","","","","","","","","","","","","","","","","","","","","","","","","","","","","","","","","","","","","18","Al-Maghribah","المغربة","المَغْرِبَة","المغربه","Al Maghribah"
"","","","","","","","","","","","","","","","","","","","","","","","","","","","","","","","","","","","","","","","","","","","","","","19","Al-Miftah","المفتاح","المِفْتَاح","المفتاح","Al Miftah"
"","","","","","","","","","","","","","","","","","","","","","","","","","","","","","","","","","","","","","","","","","","","","","","20","Haradh","حرض","حَرَض","حرض","Haradh"
"","","","","","","","","","","","","","","","","","","","","","","","","","","","","","","","","","","","","","","","","","","","","","","21","Hairan","حيران","حَيْرَان","حيران","Hairan"
"","","","","","","","","","","","","","","","","","","","","","","","","","","","","","","","","","","","","","","","","","","","","","","22","Koshar","كشر","كُشَر","كشر","Koshar"
"","","","","","","","","","","","","","","","","","","","","","","","","","","","","","","","","","","","","","","","","","","","","","","23","Sharis","شرس","شَرِس","شرس","Sharis"
"","","","","","","","","","","","","","","","","","","","","","","","","","","","","","","","","","","","","","","","","","","","","","","24","Abs","عبس","عَبْس","عبس","Abs"
"","","","","","","","","","","","","","","","","","","","","","","","","","","","","","","","","","","","","","","","","","","","","","","25","Koa'dnah","كعيدنة","كُعَيْدِنَة","كعيدنه","Koadnah"
"","","","","","","","","","","","","","","","","","","","","","","","","","","","","","","","","","","","","","","","","","","","","","","26","Mabian","مبين","مَبْيَن","مبين","Mabian"
"","","","","","","","","","","","","","","","","","","","","","","","","","","","","","","","","","","","","","","","","","","","","","","27","Al-Shahil","الشاهل","الشَّاهِل","الشاهل","Al Shahil"
"","","","","","","","","","","","","","","","","","","","","","","","","","","","","","","","","","","","","","","","","","","","","","","28","Wdhrah","وضرة","وَضْرَة","وضره","Wdhrah"
"","","","","","","","","","","","","","","","","","","","","","","","","","","","","","","","","","","","","","","","","","","","","","","29","Mostaba'","مستباء","مُسْتَبَاء","مستباء","Mostaba"
"","","","","","","","","","","","","","","","","","","","","","","","","","","","","","","","","","","","","","","","","","","","","","","30","Meedi","ميدي","مِيْدِي","ميدي","Meedi"
"","","","","","","","","","","","","","","","","","","","","","","","","","","","","","","","","","","","","","","","","","","","","","","31","Najrah","نجرة","نَجْرَة","نجره","Najrah"
"","","","","","","","","","","","","","","","","","","","","","","","","","","","","","","","","","","","","","8","Ibb","إب","إِبْ","04","مدينة إب","Ibb City","اب","Ibb","1","Al-Odain","العدين","العُدَيْن","العدين","Al Odain"
"","","","","","","","","","","","","","","","","","","","","","","","","","","","","","","","","","","","","","","","","","","","","","","2","Ibb","إب","إِب","اب","Ibb"
"","","","","","","","","","","","","","","","","","","","","","","","","","","","","","","","","","","","","","","","","","","","","","","3","Ba'dan","بعدان","بَعْدَان","بعدان","Badan"
"","","","","","","","","","","","","","","","","","","","","","","","","","","","","","","","","","","","","","","","","","","","","","","4","Jiblah","جبلة","جِبْلَة","جبله","Jiblah"
"","","","","","","","","","","","","","","","","","","","","","","","","","","","","","","","","","","","","","","","","","","","","","","5","Al-Nadrah","النادرة","النَّادِرَة","النادره","Al Nadrah"
"","","","","","","","","","","","","","","","","","","","","","","","","","","","","","","","","","","","","","","","","","","","","","","6","Hobaish","حبيش","حُبَيْش","حبيش","Hobaish"
"","","","","","","","","","","","","","","","","","","","","","","","","","","","","","","","","","","","","","","","","","","","","","","7","Hazm Al-Odain","حزم العدين","حَزْم العُدَيْن","حزم العدين","Hazm Al Odain"
"","","","","","","","","","","","","","","","","","","","","","","","","","","","","","","","","","","","","","","","","","","","","","","8","Thi Al-Sufal","ذي السفال","ذِي السُّفَال","ذي السفال","Thi Al Sufal"
"","","","","","","","","","","","","","","","","","","","","","","","","","","","","","","","","","","","","","","","","","","","","","","9","Al-Radhmah","الرضمة","الرَّضْمَة","الرضمه","Al Radhmah"
"","","","","","","","","","","","","","","","","","","","","","","","","","","","","","","","","","","","","","","","","","","","","","","10","Al-Sabrah","السبرة","السَّبْرَة","السبره","Al Sabrah"
"","","","","","","","","","","","","","","","","","","","","","","","","","","","","","","","","","","","","","","","","","","","","","","11","Al-Saddah","السدة","السَّدَّة","السده","Al Saddah"
"","","","","","","","","","","","","","","","","","","","","","","","","","","","","","","","","","","","","","","","","","","","","","","12","Al-Syiani","السياني","السَّيَّانِي","السياني","Al Syiani"
"","","","","","","","","","","","","","","","","","","","","","","","","","","","","","","","","","","","","","","","","","","","","","","13","Al-Sha'ir","الشعر","الشَّعِر","الشعر","Al Shair"
"","","","","","","","","","","","","","","","","","","","","","","","","","","","","","","","","","","","","","","","","","","","","","","14","Al-Dhahar","الظهار","الظَّهَار","الظهار","Al Dhahar"
"","","","","","","","","","","","","","","","","","","","","","","","","","","","","","","","","","","","","","","","","","","","","","","15","Fara' Al-Odain","فرع العدين","فَرْع العُدَيْن","فرع العدين","Fara Al Odain"
"","","","","","","","","","","","","","","","","","","","","","","","","","","","","","","","","","","","","","","","","","","","","","","16","Al-Qafr","القفر","القَفْر","القفر","Al Qafr"
"","","","","","","","","","","","","","","","","","","","","","","","","","","","","","","","","","","","","","","","","","","","","","","17","Al-Makhadrh","المخادر","المَخَادِر","المخادر","Al Makhadrh"
"","","","","","","","","","","","","","","","","","","","","","","","","","","","","","","","","","","","","","","","","","","","","","","18","Mothaikhrah","مذيخرة","مُذَيْخِرَة","مذيخره","Mothaikhrah"
"","","","","","","","","","","","","","","","","","","","","","","","","","","","","","","","","","","","","","","","","","","","","","","19","Al-Mashnnah","المشنة","المَشَنَّة","المشنه","Al Mashnnah"
"","","","","","","","","","","","","","","","","","","","","","","","","","","","","","","","","","","","","","","","","","","","","","","20","Yareem","يريم","يَرِيْم","يريم","Yareem"
"","","","","","","","","","","","","","","","","","","","","","","","","","","","","","","","","","","","","","9","Sa'dah","صعدة","صَعْدَة","07","مدينة صعدة","Sa'dah City","صعده","Sadah","1","Al-Hishwah","الحشوة","الحِشْوَة","الحشوه","Al Hishwah"
"","","","","","","","","","","","","","","","","","","","","","","","","","","","","","","","","","","","","","","","","","","","","","","2","Al-Safra'a","الصفراء","الصَّفْرَاء","الصفراء","Al Safraa"
"","","","","","","","","","","","","","","","","","","","","","","","","","","","","","","","","","","","","","","","","","","","","","","3","Al-Dhahir","الظاهر","الظَّاهِر","الظاهر","Al Dhahir"
"","","","","","","","","","","","","","","","","","","","","","","","","","","","","","","","","","","","","","","","","","","","","","","4","Baqim","باقم","بَاقِم","باقم","Baqim"
"","","","","","","","","","","","","","","","","","","","","","","","","","","","","","","","","","","","","","","","","","","","","","","5","Haidan","حيدان","حَيْدَان","حيدان","Haidan"
"","","","","","","","","","","","","","","","","","","","","","","","","","","","","","","","","","","","","","","","","","","","","","","6","Razih","رازح","رَازِح","رازح","Razih"
"","","","","","","","","","","","","","","","","","","","","","","","","","","","","","","","","","","","","","","","","","","","","","","7","Saqain","ساقين","سَاقَيْن","ساقين","Saqain"
"","","","","","","","","","","","","","","","","","","","","","","","","","","","","","","","","","","","","","","","","","","","","","","8","Sahar","سحار","سَحَار","سحار","Sahar"
"","","","","","","","","","","","","","","","","","","","","","","","","","","","","","","","","","","","","","","","","","","","","","","9","Shida'a","شداء","شِدَاء","شداء","Shidaa"
"","","","","","","","","","","","","","","","","","","","","","","","","","","","","","","","","","","","","","","","","","","","","","","10","Sa'dah","صعدة","صَعْدَة","صعده","Sadah"
"","","","","","","","","","","","","","","","","","","","","","","","","","","","","","","","","","","","","","","","","","","","","","","11","Ghamer","غمر","غَمَر","غمر","Ghamer"
"","","","","","","","","","","","","","","","","","","","","","","","","","","","","","","","","","","","","","","","","","","","","","","12","Qatabir","قطابر","قَطَابِر","قطابر","Qatabir"
"","","","","","","","","","","","","","","","","","","","","","","","","","","","","","","","","","","","","","","","","","","","","","","13","Kitaf and Bog'","كتاف والبقع","كِتَاف وَالبُقْع","كتاف والبقع","Kitaf and Bog"
"","","","","","","","","","","","","","","","","","","","","","","","","","","","","","","","","","","","","","","","","","","","","","","14","Majz","مجز","مَجْز","مجز","Majz"
"","","","","","","","","","","","","","","","","","","","","","","","","","","","","","","","","","","","","","","","","","","","","","","15","Munabbih","منبه","مُنَبِّه","منبه","Munabbih"
"","","","","","","","","","","","","","","","","","","","","","","","","","","","","","","","","","","","","","10","Al-Baidha","البيضاء","البَيْضَاء","06","مدينة البيضاء","Al-Baidha City","البيضاء","Al Baidha","1","Al-Baidha City","مدينة البيضاء","مَدِينَة البَيْضَاء","مدينه البيضاء","Al Baidha City"
"","","","","","","","","","","","","","","","","","","","","","","","","","","","","","","","","","","","","","","","","","","","","","","2","Al-Baidha","البيضاء","البَيْضَاء","البيضاء","Al Baidha"
"","","","","","","","","","","","","","","","","","","","","","","","","","","","","","","","","","","","","","","","","","","","","","","3","Al-Zaher","الزاهر","الزَّاهِر","الزاهر","Al Zaher"
"","","","","","","","","","","","","","","","","","","","","","","","","","","","","","","","","","","","","","","","","","","","","","","4","Radman","ردمان","رَدْمَان","ردمان","Radman"
"","","","","","","","","","","","","","","","","","","","","","","","","","","","","","","","","","","","","","","","","","","","","","","5","Al-Riashiah","الرياشية","الرِّيَاشِيَّة","الرياشيه","Al Riashiah"
"","","","","","","","","","","","","","","","","","","","","","","","","","","","","","","","","","","","","","","","","","","","","","","6","Al-Swadiah","السوادية","السُّوَادِيَّة","السواديه","Al Swadiah"
"","","","","","","","","","","","","","","","","","","","","","","","","","","","","","","","","","","","","","","","","","","","","","","7","Al-Shariah","الشرية","الشَرِيَّة","الشريه","Al Shariah"
"","","","","","","","","","","","","","","","","","","","","","","","","","","","","","","","","","","","","","","","","","","","","","","8","Sabah","صباح","صَبَاح","صباح","Sabah"
"","","","","","","","","","","","","","","","","","","","","","","","","","","","","","","","","","","","","","","","","","","","","","","9","Al-Sawma'ah","الصومعة","الصَّوْمَعَة","الصومعه","Al Sawmaah"
"","","","","","","","","","","","","","","","","","","","","","","","","","","","","","","","","","","","","","","","","","","","","","","10","Al-Tiffah","الطفة","الطَّفَّة","الطفه","Al Tiffah"
"","","","","","","","","","","","","","","","","","","","","","","","","","","","","","","","","","","","","","","","","","","","","","","11","Al-Arsh","العرش","العَرْش","العرش","Al Arsh"
"","","","","","","","","","","","","","","","","","","","","","","","","","","","","","","","","","","","","","","","","","","","","","","12","Al-Qurishiah","القريشية","القُرَيْشِيَّة","القريشيه","Al Qurishiah"
"","","","","","","","","","","","","","","","","","","","","","","","","","","","","","","","","","","","","","","","","","","","","","","13","Thi Na'em","ذي ناعم","ذِي نَاعِم","ذي ناعم","Thi Naem"
"","","","","","","","","","","","","","","","","","","","","","","","","","","","","","","","","","","","","","","","","","","","","","","14","Maswarah","مسورة","مَسْوَرَة","مسوره","Maswarah"
"","","","","","","","","","","","","","","","","","","","","","","","","","","","","","","","","","","","","","","","","","","","","","","15","Mukiras","مكيراس","مُكَيْرَاس","مكيراس","Mukiras"
"","","","","","","","","","","","","","","","","","","","","","","","","","","","","","","","","","","","","","","","","","","","","","","16","Al-Malajim","الملاجم","المَلَاجِم","الملاجم","Al Malajim"
"","","","","","","","","","","","","","","","","","","","","","","","","","","","","","","","","","","","","","","","","","","","","","","17","Nati'","ناطع","نَاطِع","ناطع","Nati"
"","","","","","","","","","","","","","","","","","","","","","","","","","","","","","","","","","","","","","","","","","","","","","","18","Na'man","نعمان","نَعْمَان","نعمان","Naman"
"","","","","","","","","","","","","","","","","","","","","","","","","","","","","","","","","","","","","","","","","","","","","","","19","Wild Rabee'","ولد ربيع","وِلْد رَبِيْع","ولد ربيع","Wild Rabee"
"","","","","","","","","","","","","","","","","","","","","","","","","","","","","","","","","","","","","","","","","","","","","","","20","Rada'","رداع","رَدَاع","رداع","Rada"
"","","","","","","","","","","","","","","","","","","","","","","","","","","","","","","","","","","","","","11","Shabwah","شبوة","شَبْوَة","05","عتق","Ataq","شبوه","Shabwah","1","Al-Rawdhah","الروضة","الرَّوْضَة","الروضه","Al Rawdhah"
"","","","","","","","","","","","","","","","","","","","","","","","","","","","","","","","","","","","","","","","","","","","","","","2","Bayhan","بيحان","بَيْحَان","بيحان","Bayhan"
"","","","","","","","","","","","","","","","","","","","","","","","","","","","","","","","","","","","","","","","","","","","","","","3","Jardan","جردان","جَرْدَان","جردان","Jardan"
"","","","","","","","","","","","","","","","","","","","","","","","","","","","","","","","","","","","","","","","","","","","","","","4","Habban","حبان","حَبَّان","حبان","Habban"
"","","","","","","","","","","","","","","","","","","","","","","","","","","","","","","","","","","","","","","","","","","","","","","5","Ain","عين","عَيْن","عين","Ain"
"","","","","","","","","","","","","","","","","","","","","","","","","","","","","","","","","","","","","","","","","","","","","","","6","Hotaib","حطيب","حُطَيْب","حطيب","Hotaib"
"","","","","","","","","","","","","","","","","","","","","","","","","","","","","","","","","","","","","","","","","","","","","","","7","Duhur","دهر","دُهُر","دهر","Duhur"
"","","","","","","","","","","","","","","","","","","","","","","","","","","","","","","","","","","","","","","","","","","","","","","8","Rudhoom","رضوم","رُضُوْم","رضوم","Rudhoom"
"","","","","","","","","","","","","","","","","","","","","","","","","","","","","","","","","","","","","","","","","","","","","","","9","Al-Sa'eed","الصعيد","الصَّعِيْد","الصعيد","Al Saeed"
"","","","","","","","","","","","","","","","","","","","","","","","","","","","","","","","","","","","","","","","","","","","","","","10","Al-Talh","الطلح","الطَّلْح","الطلح","Al Talh"
"","","","","","","","","","","","","","","","","","","","","","","","","","","","","","","","","","","","","","","","","","","","","","","11","Ataq","عتق","عَتَق","عتق","Ataq"
"","","","","","","","","","","","","","","","","","","","","","","","","","","","","","","","","","","","","","","","","","","","","","","12","Arma'","عرماء","عَرْمَاء","عرماء","Arma"
"","","","","","","","","","","","","","","","","","","","","","","","","","","","","","","","","","","","","","","","","","","","","","","13","Osailan","عسيلان","عُسَيْلَان","عسيلان","Osailan"
"","","","","","","","","","","","","","","","","","","","","","","","","","","","","","","","","","","","","","","","","","","","","","","14","Markhah Al-Sofla","مرخة السفلى","مَرْخَة السُّفْلَى","مرخه السفلا","Markhah Al Sofla"
"","","","","","","","","","","","","","","","","","","","","","","","","","","","","","","","","","","","","","","","","","","","","","","15","Markhah Al-Olia","مرخة العليا","مَرْخَة العُلْيَا","مرخه العليا","Markhah Al Olia"
"","","","","","","","","","","","","","","","","","","","","","","","","","","","","","","","","","","","","","","","","","","","","","","16","Maifa'h","ميفعة","مَيْفَعَة","ميفعه","Maifah"
"","","","","","","","","","","","","","","","","","","","","","","","","","","","","","","","","","","","","","","","","","","","","","","17","Nesab","نصاب","نِصَاب","نصاب","Nesab"
"","","","","","","","","","","","","","","","","","","","","","","","","","","","","","","","","","","","","","12","Taiz","تعز","تَعِز","04","مدينة تعز","Taiz City","تعز","Taiz","1","Mawiah","ماوية","مَاوِيَة","ماويه","Mawiah"
"","","","","","","","","","","","","","","","","","","","","","","","","","","","","","","","","","","","","","","","","","","","","","","2","Shara'b Al-Salam","شرعب السلام","شَرْعَب السَّلَام","شرعب السلام","Sharab Al Salam"
"","","","","","","","","","","","","","","","","","","","","","","","","","","","","","","","","","","","","","","","","","","","","","","3","Shara'b Al-Rawnah","شرعب الرونة","شَرْعَب الرَّوْنَة","شرعب الرونه","Sharab Al Rawnah"
"","","","","","","","","","","","","","","","","","","","","","","","","","","","","","","","","","","","","","","","","","","","","","","4","Maqbana","مقبنة","مَقْبَنَة","مقبنه","Maqbana"
"","","","","","","","","","","","","","","","","","","","","","","","","","","","","","","","","","","","","","","","","","","","","","","5","Al-Makha","المخا","المَخَا","المخا","Al Makha"
"","","","","","","","","","","","","","","","","","","","","","","","","","","","","","","","","","","","","","","","","","","","","","","6","Thubab","ذباب","ذُبَاب","ذباب","Thubab"
"","","","","","","","","","","","","","","","","","","","","","","","","","","","","","","","","","","","","","","","","","","","","","","7","Mawza'","موزع","مَوْزَع","موزع","Mawza"
"","","","","","","","","","","","","","","","","","","","","","","","","","","","","","","","","","","","","","","","","","","","","","","8","Habashi Mountain","جبل حبشي","جَبَل حَبَشِي","جبل حبشي","Habashi Mountain"
"","","","","","","","","","","","","","","","","","","","","","","","","","","","","","","","","","","","","","","","","","","","","","","9","Mashra'a and Hadnan","مشرعة وحدنان","مَشْرَعَة وَحَدْنَان","مشرعه وحدنان","Mashraa and Hadnan"
"","","","","","","","","","","","","","","","","","","","","","","","","","","","","","","","","","","","","","","","","","","","","","","10","Saber Al-Mawadim","صبر الموادم","صَبِر المَوَادِم","صبر الموادم","Saber Al Mawadim"
"","","","","","","","","","","","","","","","","","","","","","","","","","","","","","","","","","","","","","","","","","","","","","","11","Al-Misrakh","المسراخ","المِسْرَاخ","المسراخ","Al Misrakh"
"","","","","","","","","","","","","","","","","","","","","","","","","","","","","","","","","","","","","","","","","","","","","","","12","Khadeer","خدير","خَدِيْر","خدير","Khadeer"
"","","","","","","","","","","","","","","","","","","","","","","","","","","","","","","","","","","","","","","","","","","","","","","13","Al-Selw","الصلو","الصِّلْو","الصلو","Al Selw"
"","","","","","","","","","","","","","","","","","","","","","","","","","","","","","","","","","","","","","","","","","","","","","","14","Al-Shamaiatain","الشمايتين","الشَّمَايَتَيْن","الشمايتين","Al Shamaiatain"
"","","","","","","","","","","","","","","","","","","","","","","","","","","","","","","","","","","","","","","","","","","","","","","15","Al-Waz'iah","الوازعية","الوَازِعِيَّة","الوازعيه","Al Waziah"
"","","","","","","","","","","","","","","","","","","","","","","","","","","","","","","","","","","","","","","","","","","","","","","16","Haifan","حيفان","حَيْفَان","حيفان","Haifan"
"","","","","","","","","","","","","","","","","","","","","","","","","","","","","","","","","","","","","","","","","","","","","","","17","Al-Mathfar","المظفر","المَظْفَر","المظفر","Al Mathfar"
"","","","","","","","","","","","","","","","","","","","","","","","","","","","","","","","","","","","","","","","","","","","","","","18","Al-Qahera","القاهرة","القَاهِرَة","القاهره","Al Qahera"
"","","","","","","","","","","","","","","","","","","","","","","","","","","","","","","","","","","","","","","","","","","","","","","19","Salah","صالة","صَالَة","صاله","Salah"
"","","","","","","","","","","","","","","","","","","","","","","","","","","","","","","","","","","","","","","","","","","","","","","20","Al-Taiziah","التعزية","التَّعِزِّيَة","التعزيه","Al Taiziah"
"","","","","","","","","","","","","","","","","","","","","","","","","","","","","","","","","","","","","","","","","","","","","","","21","Al-Ma'afer","المعافر","المَعَافِر","المعافر","Al Maafer"
"","","","","","","","","","","","","","","","","","","","","","","","","","","","","","","","","","","","","","","","","","","","","","","22","Al-Mawasit","المواسط","المَوَاسِط","المواسط","Al Mawasit"
"","","","","","","","","","","","","","","","","","","","","","","","","","","","","","","","","","","","","","","","","","","","","","","23","Sama'","سامع","سَامِع","سامع","Sama"
"","","","","","","","","","","","","","","","","","","","","","","","","","","","","","","","","","","","","","13","Al-jawf","الجوف","الجَوْف","06","الحزم","Al-Hazm","الجوف","Al jawf","1","Barat Al-enan","برط العنان","بَرَطَ العِنَان","برط العنان","Barat Al enan"
"","","","","","","","","","","","","","","","","","","","","","","","","","","","","","","","","","","","","","","","","","","","","","","2","Al-Hazm","الحزم","الحَزْم","الحزم","Al Hazm"
"","","","","","","","","","","","","","","","","","","","","","","","","","","","","","","","","","","","","","","","","","","","","","","3","Al-Humaidat","الحميدات","الحُمَيْدَات","الحميدات","Al Humaidat"
"","","","","","","","","","","","","","","","","","","","","","","","","","","","","","","","","","","","","","","","","","","","","","","4","Khab and Al-Sha’af","خب والشعف","خَب وَالشَعَف","خب والشعف","Khab and Al Sha’af"
"","","","","","","","","","","","","","","","","","","","","","","","","","","","","","","","","","","","","","","","","","","","","","","5","Kharab Al-Marashi","خراب المراشي","خَرَاب المَرَاشِي","خراب المراشي","Kharab Al Marashi"
"","","","","","","","","","","","","","","","","","","","","","","","","","","","","","","","","","","","","","","","","","","","","","","6","Al-Khalq","الخلق","الخَلَق","الخلق","Al Khalq"
"","","","","","","","","","","","","","","","","","","","","","","","","","","","","","","","","","","","","","","","","","","","","","","7","Rajozah","رجوزة","رَجُوْزَة","رجوزه","Rajozah"
"","","","","","","","","","","","","","","","","","","","","","","","","","","","","","","","","","","","","","","","","","","","","","","8","Al-Zaher","الزاهر","الزَّاهِر","الزاهر","Al Zaher"
"","","","","","","","","","","","","","","","","","","","","","","","","","","","","","","","","","","","","","","","","","","","","","","9","Al-Ghail","الغيل","الغَيْل","الغيل","Al Ghail"
"","","","","","","","","","","","","","","","","","","","","","","","","","","","","","","","","","","","","","","","","","","","","","","10","Al-Mutoon","المتون","المُتُوْن","المتون","Al Mutoon"
"","","","","","","","","","","","","","","","","","","","","","","","","","","","","","","","","","","","","","","","","","","","","","","11","Al-Masloob","المصلوب","المَصْلُوْب","المصلوب","Al Masloob"
"","","","","","","","","","","","","","","","","","","","","","","","","","","","","","","","","","","","","","","","","","","","","","","12","Al-Matmmah","المطمة","المَطَمّة","المطمه","Al Matmmah"
"","","","","","","","","","","","","","","","","","","","","","","","","","","","","","","","","","","","","","14","Ma'rib","مأرب","مَأْرِب","06","مدينة مأرب","Ma'rib City","مارب","Marib","1","Bedbedah","بدبدة","بِدْبِدَة","بدبده","Bedbedah"
"","","","","","","","","","","","","","","","","","","","","","","","","","","","","","","","","","","","","","","","","","","","","","","2","Morad Mountain","جبل مراد","جَبَل مُرَاد","جبل مراد","Morad Mountain"
"","","","","","","","","","","","","","","","","","","","","","","","","","","","","","","","","","","","","","","","","","","","","","","3","Madghal Al-Gida'an","مدغل الجدعان","مَدْغَل الجِدْعَان","مدغل الجدعان","Madghal Al Gidaan"
"","","","","","","","","","","","","","","","","","","","","","","","","","","","","","","","","","","","","","","","","","","","","","","4","Ma'rib City","مدينة مأرب","مَدِينَة مَأْرِب","مدينه مارب","Marib City"
"","","","","","","","","","","","","","","","","","","","","","","","","","","","","","","","","","","","","","","","","","","","","","","5","Hareeb","حريب","حَرِيْب","حريب","Hareeb"
"","","","","","","","","","","","","","","","","","","","","","","","","","","","","","","","","","","","","","","","","","","","","","","6","Hareeb Al-Qaramish","حريب القرامش","حَرِيْب القَرَامِش","حريب القرامش","Hareeb Al Qaramish"
"","","","","","","","","","","","","","","","","","","","","","","","","","","","","","","","","","","","","","","","","","","","","","","7","Rahabah","رحبة","رَحَبَة","رحبه","Rahabah"
"","","","","","","","","","","","","","","","","","","","","","","","","","","","","","","","","","","","","","","","","","","","","","","8","Raghwan","رغوان","رَغْوَان","رغوان","Raghwan"
"","","","","","","","","","","","","","","","","","","","","","","","","","","","","","","","","","","","","","","","","","","","","","","9","Sirwah","صرواح","صِرْوَاح","صرواح","Sirwah"
"","","","","","","","","","","","","","","","","","","","","","","","","","","","","","","","","","","","","","","","","","","","","","","10","Al-Abdiah","العبدية","العَبْدِيَّة","العبديه","Al Abdiah"
"","","","","","","","","","","","","","","","","","","","","","","","","","","","","","","","","","","","","","","","","","","","","","","11","Mahliah","ماهلية","ماهِلِيَّة","ماهليه","Mahliah"
"","","","","","","","","","","","","","","","","","","","","","","","","","","","","","","","","","","","","","","","","","","","","","","12","Al-Jobah","الجوبة","الجُوْبَة","الجوبه","Al Jobah"
"","","","","","","","","","","","","","","","","","","","","","","","","","","","","","","","","","","","","","","","","","","","","","","13","Majzar","مجزر","مَجْزَر","مجزر","Majzar"
"","","","","","","","","","","","","","","","","","","","","","","","","","","","","","","","","","","","","","","","","","","","","","","14","Al-Mokalla City","مدينة المكلا","مَدِيْنَة المُكَلَّا","مدينه المكلا","Al Mokalla City"
"","","","","","","","","","","","","","","","","","","","","","","","","","","","","","","","","","","","","","15","Hadramot","حضرموت","حَضْرَمَوْت","05","المكلا","Al-Mokalla","حضرموت","Hadramot","1","Al-Mokalla","المكلا","المُكَلَّا","المكلا","Al Mokalla"
"","","","","","","","","","","","","","","","","","","","","","","","","","","","","","","","","","","","","","","","","","","","","","","2","Thamood","ثمود","ثَمُوْد","ثمود","Thamood"
"","","","","","","","","","","","","","","","","","","","","","","","","","","","","","","","","","","","","","","","","","","","","","","3","Al-Qaf","القف","القَف","القف","Al Qaf"
"","","","","","","","","","","","","","","","","","","","","","","","","","","","","","","","","","","","","","","","","","","","","","","4","Zamakh and Manookh","زمخ ومنوخ","زَمَخ وَمُنُوْخ","زمخ ومنوخ","Zamakh and Manookh"
"","","","","","","","","","","","","","","","","","","","","","","","","","","","","","","","","","","","","","","","","","","","","","","5","Hajr","حجر","حَجْر","حجر","Hajr"
"","","","","","","","","","","","","","","","","","","","","","","","","","","","","","","","","","","","","","","","","","","","","","","6","Al-Abr","العبر","العَبْر","العبر","Al Abr"
"","","","","","","","","","","","","","","","","","","","","","","","","","","","","","","","","","","","","","","","","","","","","","","7","Al-Qatn","القطن","القَطَن","القطن","Al Qatn"
"","","","","","","","","","","","","","","","","","","","","","","","","","","","","","","","","","","","","","","","","","","","","","","8","Shibam","شبام","شِبَام","شبام","Shibam"
"","","","","","","","","","","","","","","","","","","","","","","","","","","","","","","","","","","","","","","","","","","","","","","9","Sah","ساه","سَاه","ساه","Sah"
"","","","","","","","","","","","","","","","","","","","","","","","","","","","","","","","","","","","","","","","","","","","","","","10","Say'on","سيئون","سَيْئُون","سيءون","Sayon"
"","","","","","","","","","","","","","","","","","","","","","","","","","","","","","","","","","","","","","","","","","","","","","","11","Tarim","تريم","تَرِيْم","تريم","Tarim"
"","","","","","","","","","","","","","","","","","","","","","","","","","","","","","","","","","","","","","","","","","","","","","","12","Al-Soom","السوم","السُّوْم","السوم","Al Soom"
"","","","","","","","","","","","","","","","","","","","","","","","","","","","","","","","","","","","","","","","","","","","","","","13","Al-Raidah and Qusaier","الريدة وقصيعر","الرَّيْدَة وَقُصَيْعَِر","الريده وقصيعر","Al Raidah and Qusaier"
"","","","","","","","","","","","","","","","","","","","","","","","","","","","","","","","","","","","","","","","","","","","","","","14","Al-Dais","الديس","الدِّيْس","الديس","Al Dais"
"","","","","","","","","","","","","","","","","","","","","","","","","","","","","","","","","","","","","","","","","","","","","","","15","Al-Shihr","الشحر","الشِّحْر","الشحر","Al Shihr"
"","","","","","","","","","","","","","","","","","","","","","","","","","","","","","","","","","","","","","","","","","","","","","","16","Ghail Bin Yameen","غيل بن يمين","غَيْل بِْن يَمِيْن","غيل بن يمين","Ghail Bin Yameen"
"","","","","","","","","","","","","","","","","","","","","","","","","","","","","","","","","","","","","","","","","","","","","","","17","Ghail Ba Wazeer","غيل باوزير","غَيْل بَاوَزِيْر","غيل باوزير","Ghail Ba Wazeer"
"","","","","","","","","","","","","","","","","","","","","","","","","","","","","","","","","","","","","","","","","","","","","","","18","Dawa'an","دوعن","دَوْعَن","دوعن","Dawaan"
"","","","","","","","","","","","","","","","","","","","","","","","","","","","","","","","","","","","","","","","","","","","","","","19","Amd","عمد","عَمْد","عمد","Amd"
"","","","","","","","","","","","","","","","","","","","","","","","","","","","","","","","","","","","","","","","","","","","","","","20","Al-Ayn Valley","حورة ووادي العين","حُوْرَة وَوَادِي العَيْن","حوره ووادي العين","Al Ayn Valley"
"","","","","","","","","","","","","","","","","","","","","","","","","","","","","","","","","","","","","","","","","","","","","","","21","Raikhyah","رخية","رَخْيَة","رخيه","Raikhyah"
"","","","","","","","","","","","","","","","","","","","","","","","","","","","","","","","","","","","","","","","","","","","","","","22","Yabo'th","يبعث","يَبْعُث","يبعث","Yaboth"
"","","","","","","","","","","","","","","","","","","","","","","","","","","","","","","","","","","","","","","","","","","","","","","23","Hajar Al-Saia'ar","حجر الصيعر","حَجْر الصَّيْعَر","حجر الصيعر","Hajar Al Saiaar"
"","","","","","","","","","","","","","","","","","","","","","","","","","","","","","","","","","","","","","","","","","","","","","","24","Barom Maifa'a","بروم ميفع","بُرُوم مَيْفَع","بروم ميفع","Barom Maifaa"
"","","","","","","","","","","","","","","","","","","","","","","","","","","","","","","","","","","","","","","","","","","","","","","25","Al-Dhlia'ah","الضليعة","الضِّلِيْعَة","الضليعه","Al Dhliaah"
"","","","","","","","","","","","","","","","","","","","","","","","","","","","","","","","","","","","","","","","","","","","","","","26","Rumah","رماه","رُمَاه","رماه","Rumah"
"","","","","","","","","","","","","","","","","","","","","","","","","","","","","","","","","","","","","","","","","","","","","","","27","Huridhah","حريضة","حُرَيْضَة","حريضه","Huridhah"
"","","","","","","","","","","","","","","","","","","","","","","","","","","","","","","","","","","","","","16","Al-Maharah","المهرة","المَهَرَة","05","الغيضة","Al-Ghaidhah","المهره","Al Maharah","1","Haat","حات","حَات","حات","Haat"
"","","","","","","","","","","","","","","","","","","","","","","","","","","","","","","","","","","","","","","","","","","","","","","2","Hsween","حصوين","حَصْوِيْن","حصوين","Hsween"
"","","","","","","","","","","","","","","","","","","","","","","","","","","","","","","","","","","","","","","","","","","","","","","3","Hawf","حوف","حَوْف","حوف","Hawf"
"","","","","","","","","","","","","","","","","","","","","","","","","","","","","","","","","","","","","","","","","","","","","","","4","Syhoot","سيحوت","سَيْحُوْت","سيحوت","Syhoot"
"","","","","","","","","","","","","","","","","","","","","","","","","","","","","","","","","","","","","","","","","","","","","","","5","Shihin","شحن","شِحِْن","شحن","Shihin"
"","","","","","","","","","","","","","","","","","","","","","","","","","","","","","","","","","","","","","","","","","","","","","","6","Al-Ghaidhah","الغيضة","الغَيْضَة","الغيضه","Al Ghaidhah"
"","","","","","","","","","","","","","","","","","","","","","","","","","","","","","","","","","","","","","","","","","","","","","","7","Qashn","قشن","قِشْن","قشن","Qashn"
"","","","","","","","","","","","","","","","","","","","","","","","","","","","","","","","","","","","","","","","","","","","","","","8","Al-Masilah","المسيلة","المَسِيْلَة","المسيله","Al Masilah"
"","","","","","","","","","","","","","","","","","","","","","","","","","","","","","","","","","","","","","","","","","","","","","","9","Man'r","منعر","مَنْعَر","منعر","Manr"
"","","","","","","","","","","","","","","","","","","","","","","","","","","","","","","","","","","","","","17","Al-Dhale'","الضالع","الضَّالِع","02","مدينة الضالع","Al-Dhale' City","الضالع","Al Dhale","1","Al-Azariq","الأزارق","الأَزَارِق","الازارق","Al Azariq"
"","","","","","","","","","","","","","","","","","","","","","","","","","","","","","","","","","","","","","","","","","","","","","","2","Al-Hasha'","الحشاء","الحَشَاء","الحشاء","Al Hasha"
"","","","","","","","","","","","","","","","","","","","","","","","","","","","","","","","","","","","","","","","","","","","","","","3","Al-Hosain","الحصين","الحُصَيْن","الحصين","Al Hosain"
"","","","","","","","","","","","","","","","","","","","","","","","","","","","","","","","","","","","","","","","","","","","","","","4","Al-Sho'aib","الشعيب","الشُّعَيْب","الشعيب","Al Shoaib"
"","","","","","","","","","","","","","","","","","","","","","","","","","","","","","","","","","","","","","","","","","","","","","","5","Al-Dhale'","الضالع","الضَّالِع","الضالع","Al Dhale"
"","","","","","","","","","","","","","","","","","","","","","","","","","","","","","","","","","","","","","","","","","","","","","","6","Joban","جبن","جُبَن","جبن","Joban"
"","","","","","","","","","","","","","","","","","","","","","","","","","","","","","","","","","","","","","","","","","","","","","","7","Jehaf","جحاف","جِحَاف","جحاف","Jehaf"
"","","","","","","","","","","","","","","","","","","","","","","","","","","","","","","","","","","","","","","","","","","","","","","8","Damt","دمت","دَمْت","دمت","Damt"
"","","","","","","","","","","","","","","","","","","","","","","","","","","","","","","","","","","","","","","","","","","","","","","9","Qa'tabah","قعطبة","قَعْطَبَة","قعطبه","Qatabah"
"","","","","","","","","","","","","","","","","","","","","","","","","","","","","","","","","","","","","","18","Al-Mahweet","المحويت","المَحْوِيْت","07","مدينة المحويت","Al-Mahweet City","المحويت","Al Mahweet","1","Melhan","ملحان","مَلْحَان","ملحان","Melhan"
"","","","","","","","","","","","","","","","","","","","","","","","","","","","","","","","","","","","","","","","","","","","","","","2","Al-Khabt","الخبت","الخَبْت","الخبت","Al Khabt"
"","","","","","","","","","","","","","","","","","","","","","","","","","","","","","","","","","","","","","","","","","","","","","","3","Al-Tawilah","الطويلة","الطَّوِيْلَة","الطويله","Al Tawilah"
"","","","","","","","","","","","","","","","","","","","","","","","","","","","","","","","","","","","","","","","","","","","","","","4","Bni Sa'd","بني سعد","بَنِي سَعْد","بني سعد","Bni Sad"
"","","","","","","","","","","","","","","","","","","","","","","","","","","","","","","","","","","","","","","","","","","","","","","5","Al-Rojom","الرجم","الرُّجُم","الرجم","Al Rojom"
"","","","","","","","","","","","","","","","","","","","","","","","","","","","","","","","","","","","","","","","","","","","","","","6","Al-Mahweet","المحويت","المَحْوِيْت","المحويت","Al Mahweet"
"","","","","","","","","","","","","","","","","","","","","","","","","","","","","","","","","","","","","","","","","","","","","","","7","Al-Mahweet City","مدينة المحويت","مَدِيْنَة المَحْوِيْت","مدينه المحويت","Al Mahweet City"
"","","","","","","","","","","","","","","","","","","","","","","","","","","","","","","","","","","","","","","","","","","","","","","8","Shibam Kawkaban","شبام كوكبان","شِبَام كَوْكَبَان","شبام كوكبان","Shibam Kawkaban"
"","","","","","","","","","","","","","","","","","","","","","","","","","","","","","","","","","","","","","","","","","","","","","","9","Hofash","حفاش","حُفَاش","حفاش","Hofash"
"","","","","","","","","","","","","","","","","","","","","","","","","","","","","","","","","","","","","","19","Lahj","لحج","لَحْج","02","الحوطة","Al-Hotah","لحج","Lahj","1","Al-Had","الحد","الحَد","الحد","Al Had"
"","","","","","","","","","","","","","","","","","","","","","","","","","","","","","","","","","","","","","","","","","","","","","","2","Al-Hotah","الحوطة","الحُوْطَة","الحوطه","Al Hotah"
"","","","","","","","","","","","","","","","","","","","","","","","","","","","","","","","","","","","","","","","","","","","","","","3","Al-Qabbaytah","القبيطة","القَبَّيْطَة","القبيطه","Al Qabbaytah"
"","","","","","","","","","","","","","","","","","","","","","","","","","","","","","","","","","","","","","","","","","","","","","","4","Al-Mosaimeer","المسيمير","المُسَيمِيْر","المسيمير","Al Mosaimeer"
"","","","","","","","","","","","","","","","","","","","","","","","","","","","","","","","","","","","","","","","","","","","","","","5","Al-Madharaba and Al-A'ara","المضاربة والعارة","المَضَارِبَة وَالعَارَة","المضاربه والعاره","Al Madharaba and Al Aara"
"","","","","","","","","","","","","","","","","","","","","","","","","","","","","","","","","","","","","","","","","","","","","","","6","Al-Muflhi","المفلحي","المُفْلِحِي","المفلحي","Al Muflhi"
"","","","","","","","","","","","","","","","","","","","","","","","","","","","","","","","","","","","","","","","","","","","","","","7","Al-Maqatirah","المقاطرة","المَقَاطِرَة","المقاطره","Al Maqatirah"
"","","","","","","","","","","","","","","","","","","","","","","","","","","","","","","","","","","","","","","","","","","","","","","8","Al-Milah","الملاح","المَلَاح","الملاح","Al Milah"
"","","","","","","","","","","","","","","","","","","","","","","","","","","","","","","","","","","","","","","","","","","","","","","9","Tbn","تبن","تُبَن","تبن","Tbn"
"","","","","","","","","","","","","","","","","","","","","","","","","","","","","","","","","","","","","","","","","","","","","","","10","Halimain","حالمين","حَالِمَيْن","حالمين","Halimain"
"","","","","","","","","","","","","","","","","","","","","","","","","","","","","","","","","","","","","","","","","","","","","","","11","Hobail Jabr","حبيل جبر","حَبِيْل جَبْر","حبيل جبر","Hobail Jabr"
"","","","","","","","","","","","","","","","","","","","","","","","","","","","","","","","","","","","","","","","","","","","","","","12","Radfan","ردفان","رَدْفَان","ردفان","Radfan"
"","","","","","","","","","","","","","","","","","","","","","","","","","","","","","","","","","","","","","","","","","","","","","","13","Toor Al-Baha","طور الباحة","طُوْر البَاحَة","طور الباحه","Toor Al Baha"
"","","","","","","","","","","","","","","","","","","","","","","","","","","","","","","","","","","","","","","","","","","","","","","14","Yafe'","يافع","يَافِع","يافع","Yafe"
"","","","","","","","","","","","","","","","","","","","","","","","","","","","","","","","","","","","","","","","","","","","","","","15","Yahar","يهر","يَهَر","يهر","Yahar"
"","","","","","","","","","","","","","","","","","","","","","","","","","","","","","","","","","","","","","20","Raimah","ريمة","رَيْمَة","03","الجبين","Al-Jabeen","ريمه","Raimah","1","Bilad Al-Ta'am","بلاد الطعام","بِلَاد الطَّعَام","بلاد الطعام","Bilad Al Taam"
"","","","","","","","","","","","","","","","","","","","","","","","","","","","","","","","","","","","","","","","","","","","","","","2","Al-Salfiah","السلفية","السَّلْفِيَة","السلفيه","Al Salfiah"
"","","","","","","","","","","","","","","","","","","","","","","","","","","","","","","","","","","","","","","","","","","","","","","3","Al-Jabeen","الجبين","الجَبِيْن","الجبين","Al Jabeen"
"","","","","","","","","","","","","","","","","","","","","","","","","","","","","","","","","","","","","","","","","","","","","","","4","Mizhir","مزهر","مِزْهِر","مزهر","Mizhir"
"","","","","","","","","","","","","","","","","","","","","","","","","","","","","","","","","","","","","","","","","","","","","","","5","Kosmah","كسمة","كُسْمَة","كسمه","Kosmah"
"","","","","","","","","","","","","","","","","","","","","","","","","","","","","","","","","","","","","","","","","","","","","","","6","Al-ja'faria","الجعفرية","الجَعْفَرِيَّة","الجعفريه","Al jafaria"
"","","","","","","","","","","","","","","","","","","","","","","","","","","","","","","","","","","","","","21","Socatra","سقطرى","سُقَطْرَى","05","حديبو","Hadibu","سقطرا","Socatra","1","Hadibu","حديبو","حَدِيْبُو","حديبو","Hadibu"
"","","","","","","","","","","","","","","","","","","","","","","","","","","","","","","","","","","","","","","","","","","","","","","2","Qulansiyah and 'Abd-al-Kuri","قلنسية وعبد الكوري","قَلَنْسِيِّة وَعَبْد الكُوْرِي","قلنسيه وعبد الكوري","Qulansiyah and Abd al Kuri"
"","","","","","","","","","","","","","","","","","","","","","","","","","","","","","","","","","","","","","22","Abyan","أبين","أَبْيَن","02","زنجبار","Zunjubar","ابين","Abyan","1","Mudiyah","مودية","مُوْدِيَة","موديه","Mudiyah"
"","","","","","","","","","","","","","","","","","","","","","","","","","","","","","","","","","","","","","","","","","","","","","","2","Al Mahfid","المحفد","المَحْفَد","المحفد","Al Mahfid"
"","","","","","","","","","","","","","","","","","","","","","","","","","","","","","","","","","","","","","","","","","","","","","","3","Jayshan","جيشان","جَيْشَان","جيشان","Jayshan"
"","","","","","","","","","","","","","","","","","","","","","","","","","","","","","","","","","","","","","","","","","","","","","","4","Lawdar","لودر","لَوْدَر","لودر","Lawdar"
"","","","","","","","","","","","","","","","","","","","","","","","","","","","","","","","","","","","","","","","","","","","","","","5","Sabah","سباح","سَبَاح","سباح","Sabah"
"","","","","","","","","","","","","","","","","","","","","","","","","","","","","","","","","","","","","","","","","","","","","","","6","Rusud","رصد","رُصُد","رصد","Rusud"
"","","","","","","","","","","","","","","","","","","","","","","","","","","","","","","","","","","","","","","","","","","","","","","7","Sarar","سرار","سَرَار","سرار","Sarar"
"","","","","","","","","","","","","","","","","","","","","","","","","","","","","","","","","","","","","","","","","","","","","","","8","Al-Wadhi'","الوضيع","الوَضِيْع","الوضيع","Al Wadhi"
"","","","","","","","","","","","","","","","","","","","","","","","","","","","","","","","","","","","","","","","","","","","","","","9","Ahwar","أحور","أَحْوَر","احور","Ahwar"
"","","","","","","","","","","","","","","","","","","","","","","","","","","","","","","","","","","","","","","","","","","","","","","10","Zunjubar","زنجبار","زُنْجُبَار","زنجبار","Zunjubar"
"","","","","","","","","","","","","","","","","","","","","","","","","","","","","","","","","","","","","","","","","","","","","","","11","Khanfar","خنفر","خَنْفَر","خنفر","Khanfar"
